{
    "Optimal Threshold": 0.05,
    "Recall": 0.7275162648296977,
    "Precision": 0.27018192154633314,
    "F1-score": 0.39403046947870246,
    "Accuracy": 0.7258533383345837
}