Best scale_pos_weight,Recall,AUC-ROC,Precision (Class 1),F1-Score (Class 1),Accuracy
20.0,0.6938384998086491,0.8314366023107914,0.3099145299145299,0.4284532671629446,0.7732089272318079
